{
    "final_train_loss": 0.09473979212343693,
    "test_accuracy": 0.8666666666666666,
    "num_samples": 30,
    "epochs": 100,
    "loss_history": [
        1.2941351413726807,
        1.2495166222254435,
        1.1721479694048564,
        1.0360661427179971,
        1.048908281326294,
        1.0383787393569945,
        0.9535980939865112,
        0.8944504539171855,
        0.8850561499595642,
        0.8418117046356202,
        0.8184855262438456,
        0.7029692967732747,
        0.773714292049408,
        0.5868200143178304,
        0.6785529454549154,
        0.6685705582300822,
        0.4974671483039856,
        0.48449621597925824,
        0.45988190174102783,
        0.5949271395802498,
        0.4552041401465734,
        0.41732492844263713,
        0.38875382343928017,
        0.25483815868695575,
        0.24509049753348033,
        0.26540453135967257,
        0.3419668475786845,
        0.2893976072470347,
        0.3199034700791041,
        0.5359875440597535,
        0.529129621386528,
        0.4275900522867839,
        0.37230581442515054,
        0.3785400440295537,
        0.11600024749835332,
        0.23281060655911764,
        0.10752846896648408,
        0.2442796488602956,
        0.27964762250582376,
        0.3734203999241193,
        0.12746064215898514,
        0.17684574921925864,
        0.20833643724521,
        0.3989902873833974,
        0.3167257885138194,
        0.2026539146900177,
        0.1762951761484146,
        0.19689593811829884,
        0.15447979619105656,
        0.09765119751294454,
        0.18193796624739964,
        0.2256542811791102,
        0.13488621845220525,
        0.17230179210503896,
        0.37491193289558095,
        0.37625117376446726,
        0.11536166245738665,
        0.3371469696362813,
        0.14271923899650574,
        0.37573614716529846,
        0.2777512282133102,
        0.34693410793940227,
        0.11648953308661779,
        0.636861526966095,
        0.19339401125907899,
        0.43048365811506906,
        0.12965740164120992,
        0.12350585361321767,
        0.1643664171298345,
        0.050119186441103615,
        0.053847380975882216,
        0.1341855086386204,
        0.1293487826983134,
        0.1473605861266454,
        0.10031263629595438,
        0.30024486060719935,
        0.3629053980112076,
        0.0984433467189471,
        0.20698163211345671,
        0.07580066993832588,
        0.1480950842301051,
        0.09596521554825206,
        0.08216376720617215,
        0.28027639935413995,
        0.0644373911122481,
        0.05006061115612586,
        0.3657270173231761,
        0.0653100624680519,
        0.13743319734930992,
        0.19121295362710952,
        0.28280460437138877,
        0.0912959190706412,
        0.06335774411757787,
        0.06077784312268098,
        0.07284746691584587,
        0.22332852809534717,
        0.14490465248624484,
        0.2418659494568904,
        0.03659276738762855,
        0.09473979212343693
    ],
    "feature_importance": {
        "temperature": 15.032313346862793,
        "humidity": 18.45467758178711,
        "light": 8.134122848510742,
        "co2": 7.78420352935791,
        "humidity_duration": 19.528221130371094,
        "temp_change": 14.697134017944336,
        "humidity_change": 16.36932945251465
    }
}